{
  "Structural": {
    "ExceptionHandler": {
      "ErrorInfo": [
        {
          "cadre": "Structural",
          "group": "ExceptionHandler",
          "testClass": "ErrorInfo",
          "testCaseId": "STC1-ErrorInfo.getErrorMessage",
          "testCaseName": "Verifying the structure of getErrorMessage",
          "result": "Pass"
        },
        {
          "cadre": "Structural",
          "group": "ExceptionHandler",
          "testClass": "ErrorInfo",
          "testCaseId": "STC2-ErrorInfo.setErrorMessage",
          "testCaseName": "Verifying the structure of setErrorMessage",
          "result": "Pass"
        },
        {
          "cadre": "Structural",
          "group": "ExceptionHandler",
          "testClass": "ErrorInfo",
          "testCaseId": "STC3-ErrorInfo.getErrorCode",
          "testCaseName": "Verifying the structure of getErrorCode",
          "result": "Pass"
        },
        {
          "cadre": "Structural",
          "group": "ExceptionHandler",
          "testClass": "ErrorInfo",
          "testCaseId": "STC4-ErrorInfo.attributes",
          "testCaseName": "Verifying the structure of attributes",
          "result": "Pass"
        },
        {
          "cadre": "Structural",
          "group": "ExceptionHandler",
          "testClass": "ErrorInfo",
          "testCaseId": "STC5-ErrorInfo.setErrorCode",
          "testCaseName": "Verifying the structure of setErrorCode",
          "result": "Pass"
        }
      ],
      "ExceptionControllerAdvice": [
        {
          "cadre": "Structural",
          "group": "ExceptionHandler",
          "testClass": "ExceptionControllerAdvice",
          "testCaseId": "STC1-ExceptionControllerAdvice.generalExceptionHandler",
          "testCaseName": "Verifying the structure of generalExceptionHandler",
          "result": "Pass"
        },
        {
          "cadre": "Structural",
          "group": "ExceptionHandler",
          "testClass": "ExceptionControllerAdvice",
          "testCaseId": "STC2-ExceptionControllerAdvice.validatorExceptionHandler",
          "testCaseName": "Verifying the structure of validatorExceptionHandler",
          "result": "Pass"
        },
        {
          "cadre": "Structural",
          "group": "ExceptionHandler",
          "testClass": "ExceptionControllerAdvice",
          "testCaseId": "STC3-ExceptionControllerAdvice.eventRegistrationExceptionHandler",
          "testCaseName": "Verifying the structure of eventRegistrationExceptionHandler",
          "result": "Pass"
        },
        {
          "cadre": "Structural",
          "group": "ExceptionHandler",
          "testClass": "ExceptionControllerAdvice",
          "testCaseId": "STC4-ExceptionControllerAdvice.attribute",
          "testCaseName": "Verifying the structure of attribute",
          "result": "Pass"
        },
        {
          "cadre": "Structural",
          "group": "ExceptionHandler",
          "testClass": "ExceptionControllerAdvice",
          "testCaseId": "STC5-ExceptionControllerAdvice.eventRegistrationExceptionHandlerr",
          "testCaseName": "Verifying the structure of eventRegistrationExceptionHandlerr",
          "result": "Fail"
        },
        {
          "cadre": "Structural",
          "group": "ExceptionHandler",
          "testClass": "ExceptionControllerAdvice",
          "testCaseId": "STC6-ExceptionControllerAdvice.validatorExceptionHandler",
          "testCaseName": "Verifying the structure of validatorExceptionHandler",
          "result": "Fail"
        },
        {
          "cadre": "Structural",
          "group": "ExceptionHandler",
          "testClass": "ExceptionControllerAdvice",
          "testCaseId": "STC7-ExceptionControllerAdvice.annotations",
          "testCaseName": "Verifying the structure of annotations",
          "result": "Fail"
        },
        {
          "cadre": "Structural",
          "group": "ExceptionHandler",
          "testClass": "ExceptionControllerAdvice",
          "testCaseId": "STC8-ExceptionControllerAdvice.generalExceptionHandler",
          "testCaseName": "Verifying the structure of generalExceptionHandler",
          "result": "Fail"
        },
        {
          "cadre": "Structural",
          "group": "ExceptionHandler",
          "testClass": "ExceptionControllerAdvice",
          "testCaseId": "STC9-ExceptionControllerAdvice.attributes",
          "testCaseName": "Verifying the structure of attributes",
          "result": "Fail"
        }
      ]
    },
    "Entity": {
      "Participant": [
        {
          "cadre": "Structural",
          "group": "Entity",
          "testClass": "Participant",
          "testCaseId": "STC1-Participant.annotations",
          "testCaseName": "Verifying the structure of annotations",
          "result": "Fail"
        },
        {
          "cadre": "Structural",
          "group": "Entity",
          "testClass": "Participant",
          "testCaseId": "STC2-Participant.getRegistrationDate",
          "testCaseName": "Verifying the structure of getRegistrationDate",
          "result": "Pass"
        },
        {
          "cadre": "Structural",
          "group": "Entity",
          "testClass": "Participant",
          "testCaseId": "STC3-Participant.getEmailId",
          "testCaseName": "Verifying the structure of getEmailId",
          "result": "Pass"
        },
        {
          "cadre": "Structural",
          "group": "Entity",
          "testClass": "Participant",
          "testCaseId": "STC4-Participant.getName",
          "testCaseName": "Verifying the structure of getName",
          "result": "Pass"
        },
        {
          "cadre": "Structural",
          "group": "Entity",
          "testClass": "Participant",
          "testCaseId": "STC5-Participant.attributes",
          "testCaseName": "Verifying the structure of attributes",
          "result": "Fail"
        },
        {
          "cadre": "Structural",
          "group": "Entity",
          "testClass": "Participant",
          "testCaseId": "STC6-Participant.setParticipantId",
          "testCaseName": "Verifying the structure of setParticipantId",
          "result": "Pass"
        },
        {
          "cadre": "Structural",
          "group": "Entity",
          "testClass": "Participant",
          "testCaseId": "STC7-Participant.setGender",
          "testCaseName": "Verifying the structure of setGender",
          "result": "Pass"
        },
        {
          "cadre": "Structural",
          "group": "Entity",
          "testClass": "Participant",
          "testCaseId": "STC8-Participant.attributes",
          "testCaseName": "Verifying the structure of attributes",
          "result": "Pass"
        },
        {
          "cadre": "Structural",
          "group": "Entity",
          "testClass": "Participant",
          "testCaseId": "STC9-Participant.getGender",
          "testCaseName": "Verifying the structure of getGender",
          "result": "Pass"
        },
        {
          "cadre": "Structural",
          "group": "Entity",
          "testClass": "Participant",
          "testCaseId": "STC10-Participant.attributes",
          "testCaseName": "Verifying the structure of attributes",
          "result": "Fail"
        },
        {
          "cadre": "Structural",
          "group": "Entity",
          "testClass": "Participant",
          "testCaseId": "STC11-Participant.setEmailId",
          "testCaseName": "Verifying the structure of setEmailId",
          "result": "Pass"
        },
        {
          "cadre": "Structural",
          "group": "Entity",
          "testClass": "Participant",
          "testCaseId": "STC12-Participant.setRegistrationDate",
          "testCaseName": "Verifying the structure of setRegistrationDate",
          "result": "Pass"
        },
        {
          "cadre": "Structural",
          "group": "Entity",
          "testClass": "Participant",
          "testCaseId": "STC13-Participant.setEvent",
          "testCaseName": "Verifying the structure of setEvent",
          "result": "Pass"
        },
        {
          "cadre": "Structural",
          "group": "Entity",
          "testClass": "Participant",
          "testCaseId": "STC14-Participant.attributes",
          "testCaseName": "Verifying the structure of attributes",
          "result": "Fail"
        },
        {
          "cadre": "Structural",
          "group": "Entity",
          "testClass": "Participant",
          "testCaseId": "STC15-Participant.attributes",
          "testCaseName": "Verifying the structure of attributes",
          "result": "Fail"
        },
        {
          "cadre": "Structural",
          "group": "Entity",
          "testClass": "Participant",
          "testCaseId": "STC16-Participant.annotations",
          "testCaseName": "Verifying the structure of annotations",
          "result": "Fail"
        },
        {
          "cadre": "Structural",
          "group": "Entity",
          "testClass": "Participant",
          "testCaseId": "STC17-Participant.getParticipantId",
          "testCaseName": "Verifying the structure of getParticipantId",
          "result": "Pass"
        },
        {
          "cadre": "Structural",
          "group": "Entity",
          "testClass": "Participant",
          "testCaseId": "STC18-Participant.getEvent",
          "testCaseName": "Verifying the structure of getEvent",
          "result": "Pass"
        },
        {
          "cadre": "Structural",
          "group": "Entity",
          "testClass": "Participant",
          "testCaseId": "STC19-Participant.setName",
          "testCaseName": "Verifying the structure of setName",
          "result": "Pass"
        }
      ],
      "Event": [
        {
          "cadre": "Structural",
          "group": "Entity",
          "testClass": "Event",
          "testCaseId": "STC1-Event.setMaxCount",
          "testCaseName": "Verifying the structure of setMaxCount",
          "result": "Pass"
        },
        {
          "cadre": "Structural",
          "group": "Entity",
          "testClass": "Event",
          "testCaseId": "STC2-Event.getMaxCount",
          "testCaseName": "Verifying the structure of getMaxCount",
          "result": "Pass"
        },
        {
          "cadre": "Structural",
          "group": "Entity",
          "testClass": "Event",
          "testCaseId": "STC3-Event.annotations",
          "testCaseName": "Verifying the structure of annotations",
          "result": "Fail"
        },
        {
          "cadre": "Structural",
          "group": "Entity",
          "testClass": "Event",
          "testCaseId": "STC4-Event.getEventId",
          "testCaseName": "Verifying the structure of getEventId",
          "result": "Pass"
        },
        {
          "cadre": "Structural",
          "group": "Entity",
          "testClass": "Event",
          "testCaseId": "STC5-Event.getName",
          "testCaseName": "Verifying the structure of getName",
          "result": "Pass"
        },
        {
          "cadre": "Structural",
          "group": "Entity",
          "testClass": "Event",
          "testCaseId": "STC6-Event.getEventDate",
          "testCaseName": "Verifying the structure of getEventDate",
          "result": "Pass"
        },
        {
          "cadre": "Structural",
          "group": "Entity",
          "testClass": "Event",
          "testCaseId": "STC7-Event.attributes",
          "testCaseName": "Verifying the structure of attributes",
          "result": "Pass"
        },
        {
          "cadre": "Structural",
          "group": "Entity",
          "testClass": "Event",
          "testCaseId": "STC8-Event.attributes",
          "testCaseName": "Verifying the structure of attributes",
          "result": "Fail"
        },
        {
          "cadre": "Structural",
          "group": "Entity",
          "testClass": "Event",
          "testCaseId": "STC9-Event.setVenue",
          "testCaseName": "Verifying the structure of setVenue",
          "result": "Pass"
        },
        {
          "cadre": "Structural",
          "group": "Entity",
          "testClass": "Event",
          "testCaseId": "STC10-Event.setEventDate",
          "testCaseName": "Verifying the structure of setEventDate",
          "result": "Pass"
        },
        {
          "cadre": "Structural",
          "group": "Entity",
          "testClass": "Event",
          "testCaseId": "STC11-Event.setEventId",
          "testCaseName": "Verifying the structure of setEventId",
          "result": "Pass"
        },
        {
          "cadre": "Structural",
          "group": "Entity",
          "testClass": "Event",
          "testCaseId": "STC12-Event.annotations",
          "testCaseName": "Verifying the structure of annotations",
          "result": "Fail"
        },
        {
          "cadre": "Structural",
          "group": "Entity",
          "testClass": "Event",
          "testCaseId": "STC13-Event.getVenue",
          "testCaseName": "Verifying the structure of getVenue",
          "result": "Pass"
        },
        {
          "cadre": "Structural",
          "group": "Entity",
          "testClass": "Event",
          "testCaseId": "STC14-Event.setName",
          "testCaseName": "Verifying the structure of setName",
          "result": "Pass"
        }
      ]
    },
    "Repository": {
      "ParticipantRepository": [
        {
          "cadre": "Structural",
          "group": "Repository",
          "testClass": "ParticipantRepository",
          "testCaseId": "STC1-ParticipantRepository.inheritance",
          "testCaseName": "Verifying the structure of inheritance",
          "result": "Fail"
        }
      ],
      "EventRepository": [
        {
          "cadre": "Structural",
          "group": "Repository",
          "testClass": "EventRepository",
          "testCaseId": "STC1-EventRepository.inheritance",
          "testCaseName": "Verifying the structure of inheritance",
          "result": "Fail"
        }
      ]
    },
    "LoggingAspect": {
      "LoggingAspect": [
        {
          "cadre": "Structural",
          "group": "LoggingAspect",
          "testClass": "LoggingAspect",
          "testCaseId": "STC1-LoggingAspect.annotations",
          "testCaseName": "Verifying the structure of annotations",
          "result": "Fail"
        },
        {
          "cadre": "Structural",
          "group": "LoggingAspect",
          "testClass": "LoggingAspect",
          "testCaseId": "STC2-LoggingAspect.logServiceException",
          "testCaseName": "Verifying the structure of logServiceException",
          "result": "Fail"
        },
        {
          "cadre": "Structural",
          "group": "LoggingAspect",
          "testClass": "LoggingAspect",
          "testCaseId": "STC3-LoggingAspect.annotations",
          "testCaseName": "Verifying the structure of annotations",
          "result": "Fail"
        },
        {
          "cadre": "Structural",
          "group": "LoggingAspect",
          "testClass": "LoggingAspect",
          "testCaseId": "STC4-LoggingAspect.logServiceException",
          "testCaseName": "Verifying the structure of logServiceException",
          "result": "Pass"
        }
      ]
    },
    "JUnit": {
      "EventRegistrationApplicationTests": [
        {
          "cadre": "Structural",
          "group": "JUnit",
          "testClass": "EventRegistrationApplicationTests",
          "testCaseId": "STC1-EventRegistrationApplicationTests.registerParticipantNoEventFoundTest",
          "testCaseName": "Verifying the structure of registerParticipantNoEventFoundTest",
          "result": "Fail"
        },
        {
          "cadre": "Structural",
          "group": "JUnit",
          "testClass": "EventRegistrationApplicationTests",
          "testCaseId": "STC2-EventRegistrationApplicationTests.attributes",
          "testCaseName": "Verifying the structure of attributes",
          "result": "Fail"
        },
        {
          "cadre": "Structural",
          "group": "JUnit",
          "testClass": "EventRegistrationApplicationTests",
          "testCaseId": "STC3-EventRegistrationApplicationTests.attributes",
          "testCaseName": "Verifying the structure of attributes",
          "result": "Fail"
        },
        {
          "cadre": "Structural",
          "group": "JUnit",
          "testClass": "EventRegistrationApplicationTests",
          "testCaseId": "STC4-EventRegistrationApplicationTests.attributes",
          "testCaseName": "Verifying the structure of attributes",
          "result": "Pass"
        },
        {
          "cadre": "Structural",
          "group": "JUnit",
          "testClass": "EventRegistrationApplicationTests",
          "testCaseId": "STC5-EventRegistrationApplicationTests.attributes",
          "testCaseName": "Verifying the structure of attributes",
          "result": "Fail"
        },
        {
          "cadre": "Structural",
          "group": "JUnit",
          "testClass": "EventRegistrationApplicationTests",
          "testCaseId": "STC6-EventRegistrationApplicationTests.annotations",
          "testCaseName": "Verifying the structure of annotations",
          "result": "Fail"
        },
        {
          "cadre": "Structural",
          "group": "JUnit",
          "testClass": "EventRegistrationApplicationTests",
          "testCaseId": "STC7-EventRegistrationApplicationTests.getParticipantsByEventVenueNoParticipantsFoundTest",
          "testCaseName": "Verifying the structure of getParticipantsByEventVenueNoParticipantsFoundTest",
          "result": "Fail"
        }
      ]
    },
    "Service": {
      "EventServiceImpl": [
        {
          "cadre": "Structural",
          "group": "Service",
          "testClass": "EventServiceImpl",
          "testCaseId": "STC1-EventServiceImpl.attributes",
          "testCaseName": "Verifying the structure of attributes",
          "result": "Fail"
        },
        {
          "cadre": "Structural",
          "group": "Service",
          "testClass": "EventServiceImpl",
          "testCaseId": "STC2-EventServiceImpl.annotations",
          "testCaseName": "Verifying the structure of annotations",
          "result": "Fail"
        },
        {
          "cadre": "Structural",
          "group": "Service",
          "testClass": "EventServiceImpl",
          "testCaseId": "STC3-EventServiceImpl.registerParticipant",
          "testCaseName": "Verifying the structure of registerParticipant",
          "result": "Pass"
        },
        {
          "cadre": "Structural",
          "group": "Service",
          "testClass": "EventServiceImpl",
          "testCaseId": "STC4-EventServiceImpl.annotations",
          "testCaseName": "Verifying the structure of annotations",
          "result": "Fail"
        },
        {
          "cadre": "Structural",
          "group": "Service",
          "testClass": "EventServiceImpl",
          "testCaseId": "STC5-EventServiceImpl.attributes",
          "testCaseName": "Verifying the structure of attributes",
          "result": "Pass"
        },
        {
          "cadre": "Structural",
          "group": "Service",
          "testClass": "EventServiceImpl",
          "testCaseId": "STC6-EventServiceImpl.attributes",
          "testCaseName": "Verifying the structure of attributes",
          "result": "Fail"
        },
        {
          "cadre": "Structural",
          "group": "Service",
          "testClass": "EventServiceImpl",
          "testCaseId": "STC7-EventServiceImpl.getParticipantsByEventVenue",
          "testCaseName": "Verifying the structure of getParticipantsByEventVenue",
          "result": "Pass"
        }
      ]
    },
    "API": {
      "EventAPI": [
        {
          "cadre": "Structural",
          "group": "API",
          "testClass": "EventAPI",
          "testCaseId": "STC1-EventAPI.registerParticipant",
          "testCaseName": "Verifying the structure of registerParticipant",
          "result": "Fail"
        },
        {
          "cadre": "Structural",
          "group": "API",
          "testClass": "EventAPI",
          "testCaseId": "STC2-EventAPI.annotations",
          "testCaseName": "Verifying the structure of annotations",
          "result": "Fail"
        },
        {
          "cadre": "Structural",
          "group": "API",
          "testClass": "EventAPI",
          "testCaseId": "STC3-EventAPI.registerParticipant",
          "testCaseName": "Verifying the structure of registerParticipant",
          "result": "Fail"
        },
        {
          "cadre": "Structural",
          "group": "API",
          "testClass": "EventAPI",
          "testCaseId": "STC4-EventAPI.getParticipantsByEventVenue",
          "testCaseName": "Verifying the structure of getParticipantsByEventVenue",
          "result": "Fail"
        },
        {
          "cadre": "Structural",
          "group": "API",
          "testClass": "EventAPI",
          "testCaseId": "STC5-EventAPI.registerParticipant",
          "testCaseName": "Verifying the structure of registerParticipant",
          "result": "Pass"
        },
        {
          "cadre": "Structural",
          "group": "API",
          "testClass": "EventAPI",
          "testCaseId": "STC6-EventAPI.attributes",
          "testCaseName": "Verifying the structure of attributes",
          "result": "Pass"
        },
        {
          "cadre": "Structural",
          "group": "API",
          "testClass": "EventAPI",
          "testCaseId": "STC7-EventAPI.annotations",
          "testCaseName": "Verifying the structure of annotations",
          "result": "Fail"
        },
        {
          "cadre": "Structural",
          "group": "API",
          "testClass": "EventAPI",
          "testCaseId": "STC8-EventAPI.getParticipantsByEventVenue",
          "testCaseName": "Verifying the structure of getParticipantsByEventVenue",
          "result": "Pass"
        },
        {
          "cadre": "Structural",
          "group": "API",
          "testClass": "EventAPI",
          "testCaseId": "STC9-EventAPI.getParticipantsByEventVenue",
          "testCaseName": "Verifying the structure of getParticipantsByEventVenue",
          "result": "Fail"
        },
        {
          "cadre": "Structural",
          "group": "API",
          "testClass": "EventAPI",
          "testCaseId": "STC10-EventAPI.attributes",
          "testCaseName": "Verifying the structure of attributes",
          "result": "Fail"
        },
        {
          "cadre": "Structural",
          "group": "API",
          "testClass": "EventAPI",
          "testCaseId": "STC11-EventAPI.getParticipantsByEventVenue",
          "testCaseName": "Verifying the structure of getParticipantsByEventVenue",
          "result": "Fail"
        },
        {
          "cadre": "Structural",
          "group": "API",
          "testClass": "EventAPI",
          "testCaseId": "STC12-EventAPI.annotations",
          "testCaseName": "Verifying the structure of annotations",
          "result": "Fail"
        },
        {
          "cadre": "Structural",
          "group": "API",
          "testClass": "EventAPI",
          "testCaseId": "STC13-EventAPI.registerParticipant",
          "testCaseName": "Verifying the structure of registerParticipant",
          "result": "Fail"
        },
        {
          "cadre": "Structural",
          "group": "API",
          "testClass": "EventAPI",
          "testCaseId": "STC14-EventAPI.attributes",
          "testCaseName": "Verifying the structure of attributes",
          "result": "Fail"
        }
      ]
    },
    "DTO": {
      "EventDTO": [
        {
          "cadre": "Structural",
          "group": "DTO",
          "testClass": "EventDTO",
          "testCaseId": "STC1-EventDTO.setMaxCount",
          "testCaseName": "Verifying the structure of setMaxCount",
          "result": "Pass"
        },
        {
          "cadre": "Structural",
          "group": "DTO",
          "testClass": "EventDTO",
          "testCaseId": "STC2-EventDTO.getMaxCount",
          "testCaseName": "Verifying the structure of getMaxCount",
          "result": "Pass"
        },
        {
          "cadre": "Structural",
          "group": "DTO",
          "testClass": "EventDTO",
          "testCaseId": "STC3-EventDTO.getEventId",
          "testCaseName": "Verifying the structure of getEventId",
          "result": "Pass"
        },
        {
          "cadre": "Structural",
          "group": "DTO",
          "testClass": "EventDTO",
          "testCaseId": "STC4-EventDTO.getName",
          "testCaseName": "Verifying the structure of getName",
          "result": "Pass"
        },
        {
          "cadre": "Structural",
          "group": "DTO",
          "testClass": "EventDTO",
          "testCaseId": "STC5-EventDTO.getEventDate",
          "testCaseName": "Verifying the structure of getEventDate",
          "result": "Pass"
        },
        {
          "cadre": "Structural",
          "group": "DTO",
          "testClass": "EventDTO",
          "testCaseId": "STC6-EventDTO.attributes",
          "testCaseName": "Verifying the structure of attributes",
          "result": "Pass"
        },
        {
          "cadre": "Structural",
          "group": "DTO",
          "testClass": "EventDTO",
          "testCaseId": "STC7-EventDTO.setVenue",
          "testCaseName": "Verifying the structure of setVenue",
          "result": "Pass"
        },
        {
          "cadre": "Structural",
          "group": "DTO",
          "testClass": "EventDTO",
          "testCaseId": "STC8-EventDTO.setEventDate",
          "testCaseName": "Verifying the structure of setEventDate",
          "result": "Pass"
        },
        {
          "cadre": "Structural",
          "group": "DTO",
          "testClass": "EventDTO",
          "testCaseId": "STC9-EventDTO.setEventId",
          "testCaseName": "Verifying the structure of setEventId",
          "result": "Pass"
        },
        {
          "cadre": "Structural",
          "group": "DTO",
          "testClass": "EventDTO",
          "testCaseId": "STC10-EventDTO.getVenue",
          "testCaseName": "Verifying the structure of getVenue",
          "result": "Pass"
        },
        {
          "cadre": "Structural",
          "group": "DTO",
          "testClass": "EventDTO",
          "testCaseId": "STC11-EventDTO.setName",
          "testCaseName": "Verifying the structure of setName",
          "result": "Pass"
        }
      ],
      "ParticipantDTO": [
        {
          "cadre": "Structural",
          "group": "DTO",
          "testClass": "ParticipantDTO",
          "testCaseId": "STC1-ParticipantDTO.attributes",
          "testCaseName": "Verifying the structure of attributes",
          "result": "Fail"
        },
        {
          "cadre": "Structural",
          "group": "DTO",
          "testClass": "ParticipantDTO",
          "testCaseId": "STC2-ParticipantDTO.setEventDTO",
          "testCaseName": "Verifying the structure of setEventDTO",
          "result": "Pass"
        },
        {
          "cadre": "Structural",
          "group": "DTO",
          "testClass": "ParticipantDTO",
          "testCaseId": "STC3-ParticipantDTO.getEventDTO",
          "testCaseName": "Verifying the structure of getEventDTO",
          "result": "Pass"
        },
        {
          "cadre": "Structural",
          "group": "DTO",
          "testClass": "ParticipantDTO",
          "testCaseId": "STC4-ParticipantDTO.getRegistrationDate",
          "testCaseName": "Verifying the structure of getRegistrationDate",
          "result": "Pass"
        },
        {
          "cadre": "Structural",
          "group": "DTO",
          "testClass": "ParticipantDTO",
          "testCaseId": "STC5-ParticipantDTO.getEmailId",
          "testCaseName": "Verifying the structure of getEmailId",
          "result": "Pass"
        },
        {
          "cadre": "Structural",
          "group": "DTO",
          "testClass": "ParticipantDTO",
          "testCaseId": "STC6-ParticipantDTO.attributes",
          "testCaseName": "Verifying the structure of attributes",
          "result": "Fail"
        },
        {
          "cadre": "Structural",
          "group": "DTO",
          "testClass": "ParticipantDTO",
          "testCaseId": "STC7-ParticipantDTO.getName",
          "testCaseName": "Verifying the structure of getName",
          "result": "Pass"
        },
        {
          "cadre": "Structural",
          "group": "DTO",
          "testClass": "ParticipantDTO",
          "testCaseId": "STC8-ParticipantDTO.attributes",
          "testCaseName": "Verifying the structure of attributes",
          "result": "Fail"
        },
        {
          "cadre": "Structural",
          "group": "DTO",
          "testClass": "ParticipantDTO",
          "testCaseId": "STC9-ParticipantDTO.setParticipantId",
          "testCaseName": "Verifying the structure of setParticipantId",
          "result": "Pass"
        },
        {
          "cadre": "Structural",
          "group": "DTO",
          "testClass": "ParticipantDTO",
          "testCaseId": "STC10-ParticipantDTO.setGender",
          "testCaseName": "Verifying the structure of setGender",
          "result": "Pass"
        },
        {
          "cadre": "Structural",
          "group": "DTO",
          "testClass": "ParticipantDTO",
          "testCaseId": "STC11-ParticipantDTO.attributes",
          "testCaseName": "Verifying the structure of attributes",
          "result": "Fail"
        },
        {
          "cadre": "Structural",
          "group": "DTO",
          "testClass": "ParticipantDTO",
          "testCaseId": "STC12-ParticipantDTO.attributes",
          "testCaseName": "Verifying the structure of attributes",
          "result": "Pass"
        },
        {
          "cadre": "Structural",
          "group": "DTO",
          "testClass": "ParticipantDTO",
          "testCaseId": "STC13-ParticipantDTO.getGender",
          "testCaseName": "Verifying the structure of getGender",
          "result": "Pass"
        },
        {
          "cadre": "Structural",
          "group": "DTO",
          "testClass": "ParticipantDTO",
          "testCaseId": "STC14-ParticipantDTO.setEmailId",
          "testCaseName": "Verifying the structure of setEmailId",
          "result": "Pass"
        },
        {
          "cadre": "Structural",
          "group": "DTO",
          "testClass": "ParticipantDTO",
          "testCaseId": "STC15-ParticipantDTO.setRegistrationDate",
          "testCaseName": "Verifying the structure of setRegistrationDate",
          "result": "Pass"
        },
        {
          "cadre": "Structural",
          "group": "DTO",
          "testClass": "ParticipantDTO",
          "testCaseId": "STC16-ParticipantDTO.attributes",
          "testCaseName": "Verifying the structure of attributes",
          "result": "Fail"
        },
        {
          "cadre": "Structural",
          "group": "DTO",
          "testClass": "ParticipantDTO",
          "testCaseId": "STC17-ParticipantDTO.getParticipantId",
          "testCaseName": "Verifying the structure of getParticipantId",
          "result": "Pass"
        },
        {
          "cadre": "Structural",
          "group": "DTO",
          "testClass": "ParticipantDTO",
          "testCaseId": "STC18-ParticipantDTO.setName",
          "testCaseName": "Verifying the structure of setName",
          "result": "Pass"
        }
      ]
    },
    "Exception": {
      "EventRegistrationException": [
        {
          "cadre": "Structural",
          "group": "Exception",
          "testClass": "EventRegistrationException",
          "testCaseId": "STC1-EventRegistrationException.inheritance",
          "testCaseName": "Verifying the structure of inheritance",
          "result": "Pass"
        },
        {
          "cadre": "Structural",
          "group": "Exception",
          "testClass": "EventRegistrationException",
          "testCaseId": "STC2-EventRegistrationException.constructor",
          "testCaseName": "Verifying the structure of constructor",
          "result": "Pass"
        }
      ]
    }
  }
}