{
  "Structural": {
    "ExceptionHandler": {
      "ErrorInfo": [
        5,
        5,
        0
      ],
      "ExceptionControllerAdvice": [
        9,
        4,
        5
      ]
    },
    "Entity": {
      "Participant": [
        19,
        13,
        6
      ],
      "Event": [
        14,
        11,
        3
      ]
    },
    "Repository": {
      "ParticipantRepository": [
        1,
        0,
        1
      ],
      "EventRepository": [
        1,
        0,
        1
      ]
    },
    "LoggingAspect": {
      "LoggingAspect": [
        4,
        1,
        3
      ]
    },
    "JUnit": {
      "EventRegistrationApplicationTests": [
        7,
        1,
        6
      ]
    },
    "Service": {
      "EventServiceImpl": [
        7,
        3,
        4
      ]
    },
    "API": {
      "EventAPI": [
        14,
        3,
        11
      ]
    },
    "DTO": {
      "EventDTO": [
        11,
        11,
        0
      ],
      "ParticipantDTO": [
        18,
        13,
        5
      ]
    },
    "Exception": {
      "EventRegistrationException": [
        2,
        2,
        0
      ]
    }
  }
}